{
  "model": "BERT",
  "accuracy": 0.8905289052890529,
  "precision": 0.8916291186006522,
  "recall": 0.8905289052890529,
  "f1": 0.8902517926120255,
  "total_samples": 24388,
  "num_classes": 26
}